name,Romeo
time_unit,days
gamma_self_0,-15+35j
day,v,r,f,a,S,notes,marker,locked
0,0.0,0.0,0.0,0.0,0.0,Before meeting Juliet (pre-Act 1),,
1,10.0,9.0,5.0,3.0,9.0,Capulet party – first sight and kiss (Act 1 Scene 5),,
2,10.0,10.0,10.0,9.0,9.0,Balcony scene – vows of love (Act 2 Scene 2),,
3,9.0,10.0,10.0,9.0,10.0,Secret marriage at Friar Laurence (Act 2 Scene 6),,
4,10.0,9.0,10.0,10.0,10.0,Bedroom dawn goodbye after consummation (Act 3 Scene 5),,
5,10.0,10.0,9.0,10.0,10.0,Tomb – believes she remained faithful; dies loving her completely (Act 5 Scene 3),,
