name,Juliet
time_unit,days
gamma_self_0,-5+0j
day,v,r,f,a,S,notes
0,0,0,0,0,0,Before meeting Romeo (pre-Act 1)
1,5,6,6,4,3,Capulet party – first sight of Romeo (Act 1 Scene 5)
2,6,9,9,5,5,Balcony scene – vows of love (Act 2 Scene 2)
3,5,9,9,5,4,Secret marriage at Friar Laurence (Act 2 Scene 6)
4,4,7,6,3,2,Tybalt fight & Romeo's banishment (Act 3 Scene 1)
5,3,9,10,3,2,Juliet wakes to find Romeo dead – perfect tragic resonance, fidelity remains absolute (he died for love of her); she follows instantly (Act 5 Scene 3)
