beta_S	2.6
s_S	29
b_0	0.25

Day	M1_x	M1_y	Visibility v(t)	Resonance r(t)	Fidelity f(t)	Alturism a(t)	Shared Breth S(t)	override_flag	Notes
0	-0.50	0.50	9	8	10	10	1		Shared breath moment
7	-0.62	0.75	9	8	10	10	2		Shared breath moment
14	-0.75	1.00	9	8	10	10	3		Shared breath moment
21	-0.88	1.25	9	8	10	10	4		Shared breath moment
28	-1.00	1.50	9	8	10	10	5		Shared breath moment
35	-1.00	1.50	9	8	10	10	6		Shared breath moment
42	-1.12	1.75	9	8	9	9	6		Internal fire (no shared breath)
49	-1.25	2.00	10	8	9	8	7		Shared breath moment
56	-1.38	2.25	9	9	10	9	8		Shared breath moment
